#SampleID	BC	Sample Name	Description	Description 2	Microbial DNA	Run_Index	BS	Day	Day_hour	Treatment	Source	rstc_run	Day_num	Src_rstcRun	BS_Day	BS_Dh	BS_Trt	BS_Src	BS_Day_Trt	BS_Day_Src	BS_Dh_Trt	BS_Dh_Src	BS_Trt_Src	BS_Day_Trt_Src	BS_Dh_Trt_Src
1	AAGCCT	SP d0-C1-run1	Rumen solid phase from day 0 (start)	From cow 1 run 1	1	r1_i1	RSP	d0	not_appl	not_appl	C1	rstc_run1	0	C1_rstc_run1	RSP_d0	RSP_not_appl	RSP_not_appl	RSP_C1	RSP_d0_not_appl	RSP_d0_C1	RSP_not_appl_not_appl	RSP_not_appl_C1	RSP_not_appl_C1	RSP_d0_not_appl_C1	RSP_not_appl_not_appl_C1
4	AATCGA	RF d0-C1-run1	Rumen fluid from day 0 (start)	From cow 1 run 1	4	r1_i1	RF	d0	not_appl	not_appl	C1	rstc_run1	0	C1_rstc_run1	RF_d0	RF_not_appl	RF_not_appl	RF_C1	RF_d0_not_appl	RF_d0_C1	RF_not_appl_not_appl	RF_not_appl_C1	RF_not_appl_C1	RF_d0_not_appl_C1	RF_not_appl_not_appl_C1
9	ACGAGG	Feed residue d13 (48h) Trt1-run1-HP1	Feed residue at day 13 from 48h bag	Treatment 1 run 1 heat pump 1	9	r1_i1	FR	d13	d13h48	Trt1	HP1	rstc_run1	13	HP1_rstc_run1	FR_d13	FR_d13h48	FR_Trt1	FR_HP1	FR_d13_Trt1	FR_d13_HP1	FR_d13h48_Trt1	FR_d13h48_HP1	FR_Trt1_HP1	FR_d13_Trt1_HP1	FR_d13h48_Trt1_HP1
11	GCGACT	Feed residue d13 (48h) Trt1-run1-HP2	Feed residue at day 13 from 48h bag	Treatment 1 run 1 heat pump 2	11	r1_i1	FR	d13	d13h48	Trt1	HP2	rstc_run1	13	HP2_rstc_run1	FR_d13	FR_d13h48	FR_Trt1	FR_HP2	FR_d13_Trt1	FR_d13_HP2	FR_d13h48_Trt1	FR_d13h48_HP2	FR_Trt1_HP2	FR_d13_Trt1_HP2	FR_d13h48_Trt1_HP2
13	GCTCAT	Feed residue d13 (48h) Trt2-run1-HP1	Feed residue at day 13 from 48h bag	Treatment 2 run 1 heat pump 1	13	r1_i1	FR	d13	d13h48	Trt2	HP1	rstc_run1	13	HP1_rstc_run1	FR_d13	FR_d13h48	FR_Trt2	FR_HP1	FR_d13_Trt2	FR_d13_HP1	FR_d13h48_Trt2	FR_d13h48_HP1	FR_Trt2_HP1	FR_d13_Trt2_HP1	FR_d13h48_Trt2_HP1
15	AGATAT	Feed residue d13 (48h) Trt2-run1-HP2	Feed residue at day 13 from 48h bag	Treatment 2 run 1 heat pump 2	15	r1_i1	FR	d13	d13h48	Trt2	HP2	rstc_run1	13	HP2_rstc_run1	FR_d13	FR_d13h48	FR_Trt2	FR_HP2	FR_d13_Trt2	FR_d13_HP2	FR_d13h48_Trt2	FR_d13h48_HP2	FR_Trt2_HP2	FR_d13_Trt2_HP2	FR_d13h48_Trt2_HP2
17	AGCCGT	Feed residue d13 (48h) Trt3-run1-HP1	Feed residue at day 13 from 48h bag	Treatment 3 run 1 heat pump 1	17	r1_i1	FR	d13	d13h48	Trt3	HP1	rstc_run1	13	HP1_rstc_run1	FR_d13	FR_d13h48	FR_Trt3	FR_HP1	FR_d13_Trt3	FR_d13_HP1	FR_d13h48_Trt3	FR_d13h48_HP1	FR_Trt3_HP1	FR_d13_Trt3_HP1	FR_d13h48_Trt3_HP1
19	ATAGAC	Feed residue d13 (48h) Trt3-run1-HP2	Feed residue at day 13 from 48h bag	Treatment 3 run 1 heat pump 2	19	r1_i1	FR	d13	d13h48	Trt3	HP2	rstc_run1	13	HP2_rstc_run1	FR_d13	FR_d13h48	FR_Trt3	FR_HP2	FR_d13_Trt3	FR_d13_HP2	FR_d13h48_Trt3	FR_d13h48_HP2	FR_Trt3_HP2	FR_d13_Trt3_HP2	FR_d13h48_Trt3_HP2
21	CAGATG	Feed residue d13 (48h) Trt4-run1-HP1	Feed residue at day 13 from 48h bag	Treatment 4 run 1 heat pump 1	21	r1_i1	FR	d13	d13h48	Trt4	HP1	rstc_run1	13	HP1_rstc_run1	FR_d13	FR_d13h48	FR_Trt4	FR_HP1	FR_d13_Trt4	FR_d13_HP1	FR_d13h48_Trt4	FR_d13h48_HP1	FR_Trt4_HP1	FR_d13_Trt4_HP1	FR_d13h48_Trt4_HP1
23	GTAATC	Feed residue d13 (48h) Trt4-run1-HP2	Feed residue at day 13 from 48h bag	Treatment 4 run 1 heat pump 2	23	r1_i1	FR	d13	d13h48	Trt4	HP2	rstc_run1	13	HP2_rstc_run1	FR_d13	FR_d13h48	FR_Trt4	FR_HP2	FR_d13_Trt4	FR_d13_HP2	FR_d13h48_Trt4	FR_d13h48_HP2	FR_Trt4_HP2	FR_d13_Trt4_HP2	FR_d13h48_Trt4_HP2
25	CCGCTT	Feed residue d13 (48h) Trt5-run1-HP1	Feed residue at day 13 from 48h bag	Treatment 5 run 1 heat pump 1	25	r1_i1	FR	d13	d13h48	Trt5	HP1	rstc_run1	13	HP1_rstc_run1	FR_d13	FR_d13h48	FR_Trt5	FR_HP1	FR_d13_Trt5	FR_d13_HP1	FR_d13h48_Trt5	FR_d13h48_HP1	FR_Trt5_HP1	FR_d13_Trt5_HP1	FR_d13h48_Trt5_HP1
27	CCTGAA	Feed residue d13 (48h) Trt5-run1-HP2	Feed residue at day 13 from 48h bag	Treatment 5 run 1 heat pump 2	27	r1_i1	FR	d13	d13h48	Trt5	HP2	rstc_run1	13	HP2_rstc_run1	FR_d13	FR_d13h48	FR_Trt5	FR_HP2	FR_d13_Trt5	FR_d13_HP2	FR_d13h48_Trt5	FR_d13h48_HP2	FR_Trt5_HP2	FR_d13_Trt5_HP2	FR_d13h48_Trt5_HP2
29	CGATCA	Feed residue d13 (48h) Trt6-run1-HP1	Feed residue at day 13 from 48h bag	Treatment 6 run 1 heat pump 1	29	r1_i1	FR	d13	d13h48	Trt6	HP1	rstc_run1	13	HP1_rstc_run1	FR_d13	FR_d13h48	FR_Trt6	FR_HP1	FR_d13_Trt6	FR_d13_HP1	FR_d13h48_Trt6	FR_d13h48_HP1	FR_Trt6_HP1	FR_d13_Trt6_HP1	FR_d13h48_Trt6_HP1
31	CGCGCT	Feed residue d13 (48h) Trt6-run1-HP2	Feed residue at day 13 from 48h bag	Treatment 6 run 1 heat pump 2	31	r1_i1	FR	d13	d13h48	Trt6	HP2	rstc_run1	13	HP2_rstc_run1	FR_d13	FR_d13h48	FR_Trt6	FR_HP2	FR_d13_Trt6	FR_d13_HP2	FR_d13h48_Trt6	FR_d13h48_HP2	FR_Trt6_HP2	FR_d13_Trt6_HP2	FR_d13h48_Trt6_HP2
44	GGCCAA	Fermenter liquid d13 Trt1-run1-HP1	Fermenter liquid at day 13	Treatment 1 run 1 heat pump 1	44	r1_i2	FL	d13	not_appl	Trt1	HP1	rstc_run1	13	HP1_rstc_run1	FL_d13	FL_not_appl	FL_Trt1	FL_HP1	FL_d13_Trt1	FL_d13_HP1	FL_not_appl_Trt1	FL_not_appl_HP1	FL_Trt1_HP1	FL_d13_Trt1_HP1	FL_not_appl_Trt1_HP1
45	GGCTTC	Fermenter liquid d13 Trt1-run1-HP2	Fermenter liquid at day 13	Treatment 1 run 1 heat pump 2	45	r1_i2	FL	d13	not_appl	Trt1	HP2	rstc_run1	13	HP2_rstc_run1	FL_d13	FL_not_appl	FL_Trt1	FL_HP2	FL_d13_Trt1	FL_d13_HP2	FL_not_appl_Trt1	FL_not_appl_HP2	FL_Trt1_HP2	FL_d13_Trt1_HP2	FL_not_appl_Trt1_HP2
46	GGTACC	Fermenter liquid d13 Trt2-run1-HP1	Fermenter liquid at day 13	Treatment 2 run 1 heat pump 1	46	r1_i2	FL	d13	not_appl	Trt2	HP1	rstc_run1	13	HP1_rstc_run1	FL_d13	FL_not_appl	FL_Trt2	FL_HP1	FL_d13_Trt2	FL_d13_HP1	FL_not_appl_Trt2	FL_not_appl_HP1	FL_Trt2_HP1	FL_d13_Trt2_HP1	FL_not_appl_Trt2_HP1
47	GTAATC	Fermenter liquid d13 Trt2-run1-HP2	Fermenter liquid at day 13	Treatment 2 run 1 heat pump 2	47	r1_i2	FL	d13	not_appl	Trt2	HP2	rstc_run1	13	HP2_rstc_run1	FL_d13	FL_not_appl	FL_Trt2	FL_HP2	FL_d13_Trt2	FL_d13_HP2	FL_not_appl_Trt2	FL_not_appl_HP2	FL_Trt2_HP2	FL_d13_Trt2_HP2	FL_not_appl_Trt2_HP2
48	GTACGT	Fermenter liquid d13 Trt3-run1-HP1	Fermenter liquid at day 13	Treatment 3 run 1 heat pump 1	48	r1_i2	FL	d13	not_appl	Trt3	HP1	rstc_run1	13	HP1_rstc_run1	FL_d13	FL_not_appl	FL_Trt3	FL_HP1	FL_d13_Trt3	FL_d13_HP1	FL_not_appl_Trt3	FL_not_appl_HP1	FL_Trt3_HP1	FL_d13_Trt3_HP1	FL_not_appl_Trt3_HP1
49	GTCAAG	Fermenter liquid d13 Trt3-run1-HP2	Fermenter liquid at day 13	Treatment 3 run 1 heat pump 2	49	r1_i2	FL	d13	not_appl	Trt3	HP2	rstc_run1	13	HP2_rstc_run1	FL_d13	FL_not_appl	FL_Trt3	FL_HP2	FL_d13_Trt3	FL_d13_HP2	FL_not_appl_Trt3	FL_not_appl_HP2	FL_Trt3_HP2	FL_d13_Trt3_HP2	FL_not_appl_Trt3_HP2
50	GTCTCT	Fermenter liquid d13 Trt4-run1-HP1	Fermenter liquid at day 13	Treatment 4 run 1 heat pump 1	50	r1_i2	FL	d13	not_appl	Trt4	HP1	rstc_run1	13	HP1_rstc_run1	FL_d13	FL_not_appl	FL_Trt4	FL_HP1	FL_d13_Trt4	FL_d13_HP1	FL_not_appl_Trt4	FL_not_appl_HP1	FL_Trt4_HP1	FL_d13_Trt4_HP1	FL_not_appl_Trt4_HP1
51	TACGGT	Fermenter liquid d13 Trt4-run1-HP2	Fermenter liquid at day 13	Treatment 4 run 1 heat pump 2	51	r1_i2	FL	d13	not_appl	Trt4	HP2	rstc_run1	13	HP2_rstc_run1	FL_d13	FL_not_appl	FL_Trt4	FL_HP2	FL_d13_Trt4	FL_d13_HP2	FL_not_appl_Trt4	FL_not_appl_HP2	FL_Trt4_HP2	FL_d13_Trt4_HP2	FL_not_appl_Trt4_HP2
52	TACTTG	Fermenter liquid d13 Trt5-run1-HP1	Fermenter liquid at day 13	Treatment 5 run 1 heat pump 1	52	r1_i2	FL	d13	not_appl	Trt5	HP1	rstc_run1	13	HP1_rstc_run1	FL_d13	FL_not_appl	FL_Trt5	FL_HP1	FL_d13_Trt5	FL_d13_HP1	FL_not_appl_Trt5	FL_not_appl_HP1	FL_Trt5_HP1	FL_d13_Trt5_HP1	FL_not_appl_Trt5_HP1
53	TATCTC	Fermenter liquid d13 Trt5-run1-HP2	Fermenter liquid at day 13	Treatment 5 run 1 heat pump 2	53	r1_i2	FL	d13	not_appl	Trt5	HP2	rstc_run1	13	HP2_rstc_run1	FL_d13	FL_not_appl	FL_Trt5	FL_HP2	FL_d13_Trt5	FL_d13_HP2	FL_not_appl_Trt5	FL_not_appl_HP2	FL_Trt5_HP2	FL_d13_Trt5_HP2	FL_not_appl_Trt5_HP2
54	TCATAA	Fermenter liquid d13 Trt6-run1-HP1	Fermenter liquid at day 13	Treatment 6 run 1 heat pump 1	54	r1_i2	FL	d13	not_appl	Trt6	HP1	rstc_run1	13	HP1_rstc_run1	FL_d13	FL_not_appl	FL_Trt6	FL_HP1	FL_d13_Trt6	FL_d13_HP1	FL_not_appl_Trt6	FL_not_appl_HP1	FL_Trt6_HP1	FL_d13_Trt6_HP1	FL_not_appl_Trt6_HP1
55	TCCGAG	Fermenter liquid d13 Trt6-run1-HP2	Fermenter liquid at day 13	Treatment 6 run 1 heat pump 2	55	r1_i2	FL	d13	not_appl	Trt6	HP2	rstc_run1	13	HP2_rstc_run1	FL_d13	FL_not_appl	FL_Trt6	FL_HP2	FL_d13_Trt6	FL_d13_HP2	FL_not_appl_Trt6	FL_not_appl_HP2	FL_Trt6_HP2	FL_d13_Trt6_HP2	FL_not_appl_Trt6_HP2
80	ATATTG	SP d0-C1-run2	Rumen solid phase from day 0 (start)	From cow 1 run 2	80	r1_i2	RSP	d0	not_appl	not_appl	C1	rstc_run2	0	C1_rstc_run2	RSP_d0	RSP_not_appl	RSP_not_appl	RSP_C1	RSP_d0_not_appl	RSP_d0_C1	RSP_not_appl_not_appl	RSP_not_appl_C1	RSP_not_appl_C1	RSP_d0_not_appl_C1	RSP_not_appl_not_appl_C1
83	CATAGC	RF d0-C1-run2	Rumen fluid from day 0 (start)	From cow 1 run 2	83	r1_i3	RF	d0	not_appl	not_appl	C1	rstc_run2	0	C1_rstc_run2	RF_d0	RF_not_appl	RF_not_appl	RF_C1	RF_d0_not_appl	RF_d0_C1	RF_not_appl_not_appl	RF_not_appl_C1	RF_not_appl_C1	RF_d0_not_appl_C1	RF_not_appl_not_appl_C1
88	CGAATT	Feed residue d13 (48h) Trt1-run2-HP1	Feed residue at day 13 from 48h bag	Treatment 1 run 2 heat pump 1	88	r1_i3	FR	d13	d13h48	Trt1	HP1	rstc_run2	13	HP1_rstc_run2	FR_d13	FR_d13h48	FR_Trt1	FR_HP1	FR_d13_Trt1	FR_d13_HP1	FR_d13h48_Trt1	FR_d13h48_HP1	FR_Trt1_HP1	FR_d13_Trt1_HP1	FR_d13h48_Trt1_HP1
90	CGCAAC	Feed residue d13 (48h) Trt1-run2-HP2	Feed residue at day 13 from 48h bag	Treatment 1 run 2 heat pump 2	90	r1_i3	FR	d13	d13h48	Trt1	HP2	rstc_run2	13	HP2_rstc_run2	FR_d13	FR_d13h48	FR_Trt1	FR_HP2	FR_d13_Trt1	FR_d13_HP2	FR_d13h48_Trt1	FR_d13h48_HP2	FR_Trt1_HP2	FR_d13_Trt1_HP2	FR_d13h48_Trt1_HP2
92	CGTCAG	Feed residue d13 (48h) Trt2-run2-HP1	Feed residue at day 13 from 48h bag	Treatment 2 run 2 heat pump 1	92	r1_i3	FR	d13	d13h48	Trt2	HP1	rstc_run2	13	HP1_rstc_run2	FR_d13	FR_d13h48	FR_Trt2	FR_HP1	FR_d13_Trt2	FR_d13_HP1	FR_d13h48_Trt2	FR_d13h48_HP1	FR_Trt2_HP1	FR_d13_Trt2_HP1	FR_d13h48_Trt2_HP1
94	CTCCAT	Feed residue d13 (48h) Trt2-run2-HP2	Feed residue at day 13 from 48h bag	Treatment 2 run 2 heat pump 2	94	r1_i3	FR	d13	d13h48	Trt2	HP2	rstc_run2	13	HP2_rstc_run2	FR_d13	FR_d13h48	FR_Trt2	FR_HP2	FR_d13_Trt2	FR_d13_HP2	FR_d13h48_Trt2	FR_d13h48_HP2	FR_Trt2_HP2	FR_d13_Trt2_HP2	FR_d13h48_Trt2_HP2
96	GACCTT	Feed residue d13 (48h) Trt3-run2-HP1	Feed residue at day 13 from 48h bag	Treatment 3 run 2 heat pump 1	96	r1_i3	FR	d13	d13h48	Trt3	HP1	rstc_run2	13	HP1_rstc_run2	FR_d13	FR_d13h48	FR_Trt3	FR_HP1	FR_d13_Trt3	FR_d13_HP1	FR_d13h48_Trt3	FR_d13h48_HP1	FR_Trt3_HP1	FR_d13_Trt3_HP1	FR_d13h48_Trt3_HP1
98	GATTAG	Feed residue d13 (48h) Trt3-run2-HP2	Feed residue at day 13 from 48h bag	Treatment 3 run 2 heat pump 2	98	r1_i3	FR	d13	d13h48	Trt3	HP2	rstc_run2	13	HP2_rstc_run2	FR_d13	FR_d13h48	FR_Trt3	FR_HP2	FR_d13_Trt3	FR_d13_HP2	FR_d13h48_Trt3	FR_d13h48_HP2	FR_Trt3_HP2	FR_d13_Trt3_HP2	FR_d13h48_Trt3_HP2
100	GCCAGC	Feed residue d13 (48h) Trt4-run2-HP1	Feed residue at day 13 from 48h bag	Treatment 4 run 2 heat pump 1	100	r1_i3	FR	d13	d13h48	Trt4	HP1	rstc_run2	13	HP1_rstc_run2	FR_d13	FR_d13h48	FR_Trt4	FR_HP1	FR_d13_Trt4	FR_d13_HP1	FR_d13h48_Trt4	FR_d13h48_HP1	FR_Trt4_HP1	FR_d13_Trt4_HP1	FR_d13h48_Trt4_HP1
102	GCTCAT	Feed residue d13 (48h) Trt4-run2-HP2	Feed residue at day 13 from 48h bag	Treatment 4 run 2 heat pump 2	102	r1_i3	FR	d13	d13h48	Trt4	HP2	rstc_run2	13	HP2_rstc_run2	FR_d13	FR_d13h48	FR_Trt4	FR_HP2	FR_d13_Trt4	FR_d13_HP2	FR_d13h48_Trt4	FR_d13h48_HP2	FR_Trt4_HP2	FR_d13_Trt4_HP2	FR_d13h48_Trt4_HP2
104	GGCTTC	Feed residue d13 (48h) Trt5-run2-HP1	Feed residue at day 13 from 48h bag	Treatment 5 run 2 heat pump 1	104	r1_i3	FR	d13	d13h48	Trt5	HP1	rstc_run2	13	HP1_rstc_run2	FR_d13	FR_d13h48	FR_Trt5	FR_HP1	FR_d13_Trt5	FR_d13_HP1	FR_d13h48_Trt5	FR_d13h48_HP1	FR_Trt5_HP1	FR_d13_Trt5_HP1	FR_d13h48_Trt5_HP1
106	GTAATC	Feed residue d13 (48h) Trt5-run2-HP2	Feed residue at day 13 from 48h bag	Treatment 5 run 2 heat pump 2	106	r1_i3	FR	d13	d13h48	Trt5	HP2	rstc_run2	13	HP2_rstc_run2	FR_d13	FR_d13h48	FR_Trt5	FR_HP2	FR_d13_Trt5	FR_d13_HP2	FR_d13h48_Trt5	FR_d13h48_HP2	FR_Trt5_HP2	FR_d13_Trt5_HP2	FR_d13h48_Trt5_HP2
108	GTCAAG	Feed residue d13 (48h) Trt6-run2-HP1	Feed residue at day 13 from 48h bag	Treatment 6 run 2 heat pump 1	108	r1_i3	FR	d13	d13h48	Trt6	HP1	rstc_run2	13	HP1_rstc_run2	FR_d13	FR_d13h48	FR_Trt6	FR_HP1	FR_d13_Trt6	FR_d13_HP1	FR_d13h48_Trt6	FR_d13h48_HP1	FR_Trt6_HP1	FR_d13_Trt6_HP1	FR_d13h48_Trt6_HP1
110	TACGGT	Feed residue d13 (48h) Trt6-run2-HP2	Feed residue at day 13 from 48h bag	Treatment 6 run 2 heat pump 2	110	r1_i3	FR	d13	d13h48	Trt6	HP2	rstc_run2	13	HP2_rstc_run2	FR_d13	FR_d13h48	FR_Trt6	FR_HP2	FR_d13_Trt6	FR_d13_HP2	FR_d13h48_Trt6	FR_d13h48_HP2	FR_Trt6_HP2	FR_d13_Trt6_HP2	FR_d13h48_Trt6_HP2
123	AATCGA	Fermenter liquid d13 Trt1-run2-HP1	Fermenter liquid at day 13	Treatment 1 run 2 heat pump 1	123	r1_i5	FL	d13	not_appl	Trt1	HP1	rstc_run2	13	HP1_rstc_run2	FL_d13	FL_not_appl	FL_Trt1	FL_HP1	FL_d13_Trt1	FL_d13_HP1	FL_not_appl_Trt1	FL_not_appl_HP1	FL_Trt1_HP1	FL_d13_Trt1_HP1	FL_not_appl_Trt1_HP1
124	AATGAT	Fermenter liquid d13 Trt1-run2-HP2	Fermenter liquid at day 13	Treatment 1 run 2 heat pump 2	124	r1_i5	FL	d13	not_appl	Trt1	HP2	rstc_run2	13	HP2_rstc_run2	FL_d13	FL_not_appl	FL_Trt1	FL_HP2	FL_d13_Trt1	FL_d13_HP2	FL_not_appl_Trt1	FL_not_appl_HP2	FL_Trt1_HP2	FL_d13_Trt1_HP2	FL_not_appl_Trt1_HP2
125	ACCAAT	Fermenter liquid d13 Trt2-run2-HP1	Fermenter liquid at day 13	Treatment 2 run 2 heat pump 1	125	r1_i5	FL	d13	not_appl	Trt2	HP1	rstc_run2	13	HP1_rstc_run2	FL_d13	FL_not_appl	FL_Trt2	FL_HP1	FL_d13_Trt2	FL_d13_HP1	FL_not_appl_Trt2	FL_not_appl_HP1	FL_Trt2_HP1	FL_d13_Trt2_HP1	FL_not_appl_Trt2_HP1
126	ACCGTC	Fermenter liquid d13 Trt2-run2-HP2	Fermenter liquid at day 13	Treatment 2 run 2 heat pump 2	126	r1_i5	FL	d13	not_appl	Trt2	HP2	rstc_run2	13	HP2_rstc_run2	FL_d13	FL_not_appl	FL_Trt2	FL_HP2	FL_d13_Trt2	FL_d13_HP2	FL_not_appl_Trt2	FL_not_appl_HP2	FL_Trt2_HP2	FL_d13_Trt2_HP2	FL_not_appl_Trt2_HP2
127	ACCTCG	Fermenter liquid d13 Trt3-run2-HP1	Fermenter liquid at day 13	Treatment 3 run 2 heat pump 1	127	r1_i5	FL	d13	not_appl	Trt3	HP1	rstc_run2	13	HP1_rstc_run2	FL_d13	FL_not_appl	FL_Trt3	FL_HP1	FL_d13_Trt3	FL_d13_HP1	FL_not_appl_Trt3	FL_not_appl_HP1	FL_Trt3_HP1	FL_d13_Trt3_HP1	FL_not_appl_Trt3_HP1
128	ACGAGG	Fermenter liquid d13 Trt3-run2-HP2	Fermenter liquid at day 13	Treatment 3 run 2 heat pump 2	128	r1_i5	FL	d13	not_appl	Trt3	HP2	rstc_run2	13	HP2_rstc_run2	FL_d13	FL_not_appl	FL_Trt3	FL_HP2	FL_d13_Trt3	FL_d13_HP2	FL_not_appl_Trt3	FL_not_appl_HP2	FL_Trt3_HP2	FL_d13_Trt3_HP2	FL_not_appl_Trt3_HP2
129	ACTATA	Fermenter liquid d13 Trt4-run2-HP1	Fermenter liquid at day 13	Treatment 4 run 2 heat pump 1	129	r1_i5	FL	d13	not_appl	Trt4	HP1	rstc_run2	13	HP1_rstc_run2	FL_d13	FL_not_appl	FL_Trt4	FL_HP1	FL_d13_Trt4	FL_d13_HP1	FL_not_appl_Trt4	FL_not_appl_HP1	FL_Trt4_HP1	FL_d13_Trt4_HP1	FL_not_appl_Trt4_HP1
130	ACTTAC	Fermenter liquid d13 Trt4-run2-HP2	Fermenter liquid at day 13	Treatment 4 run 2 heat pump 2	130	r1_i5	FL	d13	not_appl	Trt4	HP2	rstc_run2	13	HP2_rstc_run2	FL_d13	FL_not_appl	FL_Trt4	FL_HP2	FL_d13_Trt4	FL_d13_HP2	FL_not_appl_Trt4	FL_not_appl_HP2	FL_Trt4_HP2	FL_d13_Trt4_HP2	FL_not_appl_Trt4_HP2
131	AGAAGC	Fermenter liquid d13 Trt5-run2-HP1	Fermenter liquid at day 13	Treatment 5 run 2 heat pump 1	131	r1_i5	FL	d13	not_appl	Trt5	HP1	rstc_run2	13	HP1_rstc_run2	FL_d13	FL_not_appl	FL_Trt5	FL_HP1	FL_d13_Trt5	FL_d13_HP1	FL_not_appl_Trt5	FL_not_appl_HP1	FL_Trt5_HP1	FL_d13_Trt5_HP1	FL_not_appl_Trt5_HP1
132	AGACCG	Fermenter liquid d13 Trt5-run2-HP2	Fermenter liquid at day 13	Treatment 5 run 2 heat pump 2	132	r1_i5	FL	d13	not_appl	Trt5	HP2	rstc_run2	13	HP2_rstc_run2	FL_d13	FL_not_appl	FL_Trt5	FL_HP2	FL_d13_Trt5	FL_d13_HP2	FL_not_appl_Trt5	FL_not_appl_HP2	FL_Trt5_HP2	FL_d13_Trt5_HP2	FL_not_appl_Trt5_HP2
133	AGAGTA	Fermenter liquid d13 Trt6-run2-HP1	Fermenter liquid at day 13	Treatment 6 run 2 heat pump 1	133	r1_i5	FL	d13	not_appl	Trt6	HP1	rstc_run2	13	HP1_rstc_run2	FL_d13	FL_not_appl	FL_Trt6	FL_HP1	FL_d13_Trt6	FL_d13_HP1	FL_not_appl_Trt6	FL_not_appl_HP1	FL_Trt6_HP1	FL_d13_Trt6_HP1	FL_not_appl_Trt6_HP1
134	AGATAT	Fermenter liquid d13 Trt6-run2-HP2	Fermenter liquid at day 13	Treatment 6 run 2 heat pump 2	134	r1_i5	FL	d13	not_appl	Trt6	HP2	rstc_run2	13	HP2_rstc_run2	FL_d13	FL_not_appl	FL_Trt6	FL_HP2	FL_d13_Trt6	FL_d13_HP2	FL_not_appl_Trt6	FL_not_appl_HP2	FL_Trt6_HP2	FL_d13_Trt6_HP2	FL_not_appl_Trt6_HP2
